解凍層數,Epoch,loss,accuracy,val_loss,val_accuracy
all,1,0.38773077726364136,0.8537929058074951,8.751660346984863,0.4132240116596222
